chapter	module	paired_cards	coverage	en_source_sha256	ja_source_sha256
1	1	20	partial	fe5ea4d8c344dede686abfd056e32cf3670291da3ab1703f8d31c9a9498e68eb	82bae0cfe461cf4b92288a407a3f097c6dee3d663878d0196d3adac4576d7759
1	2	10	partial	b19010ccf07115be061f9a03a752375a9ce52157faa84471e5bf0ccc547b0fa0	a5e94135464af7fd7ab908d74e3127a112cd9660e202e265830f823aa1211e11
2	1	22	partial	1166bd3bfef580b29dfcfc623eb4031de6cb5ebeead3e1516d6a1bf3e2dab0a7	ed644fbb3f619bf9370eb742e9f8f988fbd7ba4667185555d57fb709a43be833
2	2	12	partial	c51851c028b04db042f45358bc5020563e010161c481fb9fa4207261bff64e0e	9e0312e43113afac269d214beec18edefc1c36d7f089a7ecb0fba4dca1ffd538
3	1	22	partial	f9ffbfb705bb39cf840463c25ea0f9f5a2e1331e9cd731a5adf9b94c4213ddf7	65c39086af96d28364347ee43c55631cd38cc5fd9f890cc8385c113067226fd6
3	2	12	partial	90e40fd4c0bb4e3394efca13af3868b941f2b9e529d0d1991d1b6aafd79bd03b	29c60ab69fd04a19b8254328d43b2d82f500d3ef23e2a31da7f0a59c028dfb61
4	1	24	partial	57c969e97082ad8262098cf49a3e7d378185d2c74f9ba825dd1d773a5cda319b	caa4f7be8dd7195116923b3519a7ae036f289a6433210fe27a31daf5d86c600e
4	2	12	partial	4f1b6eebf99962c513578d79d5521d11d6c61b3c394c023f72dd0c0ac2c5a336	cae2a0f5eb34a60a26f6fced3de8aa163a65176fbc4b1c8c55fcf959480b2d48
5	1	22	partial	69f1352d8348382abbc2e453862e348956bf3e1854537ba6dc3cbcf413b1e364	e42edd38ba77bddbb23ceb64037863e4fbdcc78261217af68974c5d913d1cb12
5	2	10	partial	eeb6d62a703768da9ac3dc39b8b4c87adccc7052404edd5117bfb069e1839a5c	07c7f88ba76ec38997941ee501ac1fb15013991c319da7f0cb9573513664de9c
6	1	24	partial	069c1a1e5a49cc929b6983226e4df0b3c0ecd907785ac8252a73bc2d357fa7ed	4c3973ade79b34179c31801833407546436aa8dda2f0d5eee391226877e12f96
6	2	12	partial	dba09072c4d938db627ddcbc2607b770711d3ff15ae1b730fbf7f9762875162d	103bc3b8a3521d6af3eb300595e222d441bfaa8f8d2802e7e65dc00e341c3674
7	1	24	partial	7553fbbb3c6c47c9cf4b25a70b38c39520180dabeac8df9c7ee40a4a384db00e	911b3d964b980b6b02e694321af71aad8908af5aefa8c5d3a127e1027e7bb441
7	2	12	partial	ef0c2bca30fe9b5ed2ace52369b9df1c67ab111c7c753aa2524b2737e35eacb8	598b22d29e008c13d16f25aaf3db7949dac5f8dedf97c57320bbe6af18e4e37a
8	1	24	partial	72e29cd7bd3ba911683ba9b4674cb09f700c8d3f5f04a1be915a54af7f9d8d7f	8dd131446d6b3a7ca5b341e10ec4b4a338b9dd8be329f06db65b34104a7a6a76
8	2	12	partial	e7602b9000f21d8fcfcaa55b336fad1fd9b6f01dc6104ecbff115cd746af6b67	be973ac57c9e4a3fb67c31cc7dea2f058297fa0ad31f9f9d688b979ed7302e84
9	1	24	partial	d4df267932d791c0f53ff11af5a3c10885b86d1c7071c164a44779e95def65ac	d3e9823b07fffe099ee1f57ef7d82b237bfbb9f8a5131a12950b49a283a2fa3b
9	2	12	partial	db81fc2b7f111e17a3dd9071ee46211e623f708de4f3392e9719a8ed0041fe73	6c37a29db3215a9018f4da885c2b61aeadf5400cdf69ce629c0d6eaeb39478ae
10	1	24	partial	8c4b6ae8ec2b79fdfddc7832f2f7746365085dba762d52a6a2968ddb720a6dbb	9798bace269614dc25cb9788d814b46a6a76edcb43912e26e25154d448f5e7c8
10	2	12	partial	6cda2c6cc7dce26be5510625183e16ae16f44dd65378b2caec908f04371fc714	5b8356ef08d844ea01ab3e1696b7e70968745278b51afb4040681627f826cf46
11	1	24	partial	6e14b661008510629411a36a0355cd939c4b2bb7abfaee9b2ee97557a77b7bd6	278ca2a43ce02335fe3d05f06351b5d0e51813997b0981b72169af0c541a5f5b
11	2	12	partial	921ca31c4cb7b5fa1371080098098ae7241d8ac51ff7767d42e3ecbc36687d81	4e50ec5952501843ee061b952b5e2846aa9028792f7820826bb67c3b72c228b9
12	1	24	partial	afdf5df1feefa48d4d9529f35bcc2b59c73c86af613949f540531d8976142a73	960cc15b25d56f3ca6950031e0940d95b2fb49157a377a2a9eba79fcdd6da53e
12	2	12	partial	cc9e28338ab6d37ea9e4e47a9f865649aa5d45f25e28459ffa9ff4f37cbc1868	3abb217ebe62c263fae94194eb4dc4f26eaf1166f72b44c3c9d88f79dc6803ae
13	1	24	partial	0a9a28e1d3a1130f112e06e20ca0fb73a169af0c8c0d301bc0a7827b8ee2da8a	95ff5a89d9d9bcb649ae797b94fe0fc7cf520f0268891af0d4d3d8a0f0602474
13	2	14	partial	28db2195aa76b456df8e467ce36aff479f5540d17db4c7e2d9af907b4001a4d3	92918319f49023c78a69c681cd332fc2b8abc4cccc86be9fea7eb8fdc73e712d
14	1	24	partial	e87e06acb7f3b94dc3c5b3555c4a9ba4c621831c49b5fd12a54052d48054f3d8	341c23537f45479b04a5a44a1bf73f38f9e647713731e76a2e8f15c33649395b
14	2	14	partial	9a32ee726559d71e34bcc79e16e0dd5932733df6cdbb65573950f60b91a8c090	b9bfc86d2314300533824204a4200400b429b020b9d88c02668ea5771cefd671
15	1	24	partial	fa2dc14c00b8296cf2610e54e3b65a6d5041e2ef9867baf0126eb5c413c5ff41	e1383ce30953462ba016ccf576c745ec80ec3e3d989aa62704abeb75e335491a
15	2	14	partial	e780d7dff20e8b556d35b8d39b236d1ba4d9d37ea4161dd0da9dc35af3f15efe	ceb997d6244268502a982bfd2267f84a0e7b4de7dc882afa04d3a126d304af84
16	1	24	partial	5c672c029a0c3071aaa2d8c387d587d80fa954534c045713d9e94dc965c8d52f	650b557628b37f2b85c64d531272756b50806b13f2e3f85d75f130aaffa3b336
16	2	14	partial	f50de6f3d5fdfaeb8cd8d891ac6cc2761bf1658a69e19ffa9f31ccdd708b37d9	9718bfcb8c57b07ea492cedf1986537f6c8336ed924f4a7c491a6b8b6a62c679
17	1	24	partial	df7f2d06dd2fb16204cbcac48ef462b5f02d72d17abd43e959f7cc1818f892d3	bb85bef33c6e75a13b8fa83dc8d4f257892190b80abdddb3e32553c8c1f79c86
17	2	14	partial	b9e77b98c8bc7464d595944cfc3cf9977d51fc52800e335e821634c841e7397b	a623a96b85fc3e0f01f077cdd124a8f54e3499bb749fcccd00a83e18857d273c
18	1	24	partial	2c64fd063237bb4cb850701dfcf0439ad08d9dbfe86ebbbe89546802513e7136	d4610b3c5e1ac3ed5bd0fe1855875106f5f6684ea3022521d5f42b85029f3eff
18	2	14	partial	3f832435e57a1666e269e112028456cd398a0cf8581b3efe0ca6f0d2d2f72b9c	4f8768ba79e9cfea45b083e2c2adb3ae71b1c15165e717462623bc822d39d1d2
19	1	24	partial	f40cd34c1174eeba883c639ec0de75d51d3c20361ab9d9fef621c6322f2dd1d2	653d3556d1f34aaf402028e77dc6b0a511f6a23fcc1e13eba4f7f714237fab1e
19	2	14	partial	f84635f2d747d94bd6530a6e1cfffc0058ac459ca86b2388bcaf7e3267f40b48	be869612e3eefefb302de725c84c031ced2f81854fd204f7d64c720a5bd90318
20	1	24	partial	5e9513dbb669204a12b6778c3d6c2b5f835b408d6bfc48dd3b5f7178562244bb	1b1691b061490543fa3da11e92e7fc37e452c2c4a8a45f0412fda07c02f0441a
20	2	14	partial	730abd69efc1ba2f4e35d336761b4cac2ac3298e57aa5a4f6f210bd448031b09	b426756a012190f64f3347018534c37a71c7f2eaeac8a7b5da58b99787d22ed2
21	1	24	partial	39045fdea18b65c48e6b06e275b7af73f895a4d4d8b425393c229b0160f84498	61346304278f659b5bda7987a0a19d27e486ee427a15324a9783bce741f82660
21	2	14	partial	6370b601f922a9a3cec3ca5559e9d83aa8505a8447c293e596a7833ef2a57a56	4aa6f260d22bb362fd7a99277003deaea46eb0f72d4bf024e369762a48ac288e
22	1	24	partial	d714706d809400de44765941f3f065549b22439a356fcd9476302575d166f42a	312344208e0dc5f52fee20ff3e93bfb3dc177597cd3dfac6d5e8ea2b62b8a26b
22	2	14	partial	8fb0e6cc1a6c106fbc41b8d9bf04c2ed381bfb66eeb451924d749aa6624ce8b5	c6a7bc9b69cfcb392e8c7a9481fd7cb89ed8b5c902ba5deca2fb411f30d4ee08
23	1	24	partial	515b35431b6db8672ab382f7eedf09986c7fdb497d1b1749bc9d38b85db02130	3b63694c2d9bf9354806f3526d6ae0a95a2201b67f477a02fc09a558320c006e
23	2	14	partial	e9a519a3249013cc2cfefbd93d4aed9f9bd6f8eac9b79a57b641533cf18b03d4	d615343b6c5f67c2ea1766755a81aa80e9c78224d6103039fbb3fd6d548972e9
24	1	24	partial	3acd1af15beac51ba8776a309f8d3a107904d9a757b3c62dd341dcfbfe3278a4	5b2a6ec901aaf71363b75ee6dad5a1ffaa5b4a05c4a20deec16b4f4f21ae9469
24	2	14	partial	f8b90b7ae886e295c8eaa5a468be71e76d32cec610a9036b39930a4c69f11f75	060d4f18061838d2c96c6aa1037d483d0d9d9263b42326e38c95de4183a45d45
25	1	24	partial	b8cc410f10e2155219dfe9ee44fde86a776bbc78eb17a49843456168c69e97c2	1c8ebfd38454918c129204a77759d571fc3d7edd760aa076a0bf77801c7dd497
25	2	14	partial	9dc43d642a9cf7dfba91f17523d19172a6b86f3f6d811fb7e5c20df7501c205b	13bce6ce3dc8f23ce5cfee915b76e9c9e519afd9114bd44f1e5282b0da3b3cc6
26	1	24	partial	ac0e49f310d62821ecef03570dfb40be4867939478ed7c34c143f83b9502c7db	2e96f9df87f466c5763584e970b9973d78a2ce3ad3e7b463162f596cfd17862e
26	2	14	partial	a9d6a1831b442d5eebaac8ccbc54379daff5f9c81c6d953a498974b5b1ad1785	4e9feb7231302fff9806a81051beab6fcf870fc15e48fb2cd8cba3c85dabdd69
27	1	24	partial	19e797b86c685c81d8acf22affa7b1f8d5905be17c8b0246eb1735af7590fe46	e7c6587b8e0483a2703004a2407ec70b3153cf1ecdee4f65ec2b656f32f3a9b9
27	2	14	partial	e47e4e41a3eac035188a5f425cdbc91768b1b34c9e0c706f5bd44690efe03e42	d38dd28e44086177179df0320de02dc379e000268dc29817a915f2b6282682c7
28	1	24	partial	81e6bfa0967282eb931e703dab670b3a3a80fb02b5facc6fb097cc5b73890c5e	1bb020c687bb1e44d4b5ed770342364ed4d62d492aa4c0505674b94ddde21116
28	2	14	partial	943f8611c7bc27cedfb339141998be98e378cd76173517f8163481a45ff1a11a	946f715cf8f7f369b9d2cad542c7e4a32bebb3b2a9667cbe530fc8312764f41c
29	1	24	partial	5a13838993d7133a86bb7cc4811da0a8af5edde03dd522b0ed5f2e83a65ff25b	8a483a0c96d6bef2f9cebdb48fd476dc3ccfac6769261282140b1b5152a253d0
29	2	14	partial	83c07eb7c23002e190def0afe2b4c7b9899ff114aaea2aec47c5acbb0d011840	1210b4319e43a97fb312dd3b84fdc973a6a105c1e08a1b54f74df3905aaadfb9
30	1	24	partial	3b9fcd11b42052280346c36ee5f7e7f58b94926d10a22074c9b528e0aead917f	aa34bb536f6277b5f65aeb489521ab72615baef3c2887fa80be2253d4efe9d02
30	2	14	partial	866705f0a9f0a0331718f0c38b2897aabb20d2d6ea534ad81371b994cfdd6793	0b269ad1a99909b7d3a911c1e4a7eb4a26ccbe07f72b30a1af8330f1bef5c96b
31	1	24	partial	e7b0f0365ca2cdb2ed426aa52806d8d373dcae07fb22b818b0e5f598c6a17440	db5c5be8f34d10588fc4e90bef278079838e4b904fc7fb9de0a0f53f0d7b0ee5
31	2	14	partial	b932fdbaa1e98050578cb5284dc89306d1e7ca3d343afc487f39544d6957e54d	f8b9177ae5a2064d7d971a07dbf1ed65aac36160b599bf3797f260832b3f5166
32	1	24	partial	eab19f101b93674e8b3da2fa8c48b8f46de3f7564f9123c230dff969b2ed78a3	4d07747b12a737fdc55df06caa22d532ca9e62a6d17818f1202b77d262d01aca
32	2	14	partial	41eeb620842aa1acb1f75c85a1789c1619a2ff5ed17e74c95b389b9d76e1fa54	af91e74afc7955901b97e155d63015d4c3bb55a8c5bbabbb26426e4330d59604
33	1	24	partial	d07abe76edfed4dc5067123f81d3657a0e2a8d92cd0b1f9b8cccbbc426027591	de6d7cbcd91f854e02cd8413bc335aa0a0fd2fd51f8e54e411f01fc305d8d041
33	2	14	partial	f0aae66dc609d441445037573ba9cc4e6b155131716c654ecba96852f9a9f1fc	9a57b05544e9cf6a5f62c932c1f95f5380172dc31666c47f08fde55364259527
34	1	24	partial	8e612eb3f484ac00b88c0db93e7972c7caea9419d65b19d13d48eec4aea6d242	fffa2025a2f62dbe7bfa729da3520a84b3b0b0f62250c6e37ad66b7e1717f26b
34	2	14	partial	e320a46df84ccf14377fd477b8bb38d5e878dbc96648fb09e6143d0a290aecd2	89028c63f62fd25c022788821e46c40c70871e9a1fbd7b96f05be8b058a6a30a
35	1	24	partial	e6ab040573528899bde368da2ff78985b7428f6fd8d50b1af5077a402b97b201	e0abf4799a7d75a5d8fa005f3271fcd56b3497c7f58b9722f68dac74e942298d
35	2	14	partial	a447f3780b898fe4f8dddae4dabd493442c6d6a534f410528ccd6220da0dbb98	f63ab8d666a832672fa3703fe0dc6a82205e0a8525e7292bf821d8efb813c764
36	1	24	partial	0cf2141590ebc966d5940534608ff1aa93f0751733dec61575ff7c6a660f318f	636822ddd316bab91a9ea0019a9467af22b04e71a17854ca71041056a8e741b5
36	2	14	partial	9fccf67e0ca9c30f07c95db032072309e3035ffa8e2475c0d647db07150191b1	7ec2dcc98604dc678ecf3bc4d2cd66ae5f57fcc6f360dc6cb0cc4a877ae3e8dd
37	1	24	partial	6cfa4e98fe87a63183a6a19c5105f88c7043a39e3cfa6e123c288ed6e4ab10c3	d016b7d71e183b3e644b0460a2f0dcebfd7fa9162a78d9216108fee8e773a532
37	2	14	partial	2e8ac568fe5450e70521bf2251441a0796b01559e624b2b97822e74e15d5342e	40a3abd089d1ca77ce5ccdc0d4c219db17f64c6c62fb1bff14baa3b6b3af12fd
38	1	24	partial	86431a303fdb8e6d553791c89d4c1f70793e1ecc9d1c400986ee8b8906d7306e	454bed7cf63379048343b5716d0140dc5db7e8634231365707ecbec253004389
38	2	14	partial	a5142afa8b3587a3475d3e62cbb13cb20c18751cfc4eb09ec6adba5c1b9e0676	10c264aa9f63bb4996c39f60e7d2cfc4b32a6563358aafe1fe3e885f389a2765
39	1	24	partial	f4b761ef37c0a612c95149ac93c7d96488dda894c97778190316b336c5cf25f5	0002ab871306bcb41b235d895e66088a780f66ad417a896d22309ae4092652fa
39	2	14	partial	32ece85cf27d1c94471909f640de6e19731af6b80bd467b9ec327e8060247534	1de38da85d7b2dd77cf0217c42fc08e350b020af1f57af0c13aefb523419de9c
40	1	24	partial	e71131deaaf2e2d6385713b6092f76d5c637fc376fb7f035c51c1602752f1e5f	c969da1b10e6c417400bb8f23caea37a0ef5860d311c7ddf3896097b8a48f164
40	2	14	partial	9dd97be25818d857591f1fd8fdbd46cc015f5a6402825a80730a882909845058	2b8918f4a89f04207dc7c56fc56670b56e6429b910a279e83840b7a2ee74f28c
41	1	24	partial	67341772d77b36727d094f065b4e11eb55669a2f97956ed7d973330fa01ddd97	7e8c6eedf04492e814baac30d0098bda4e5dcc9d2a350b1818dde5b7f87b9be0
41	2	14	partial	ab9c4f373aa858fa312f932067bdda8eb9fde92f9a627b6ea4ef91dfed593885	9ade5514733342aa408c271c8830319f9d0d2f65f6888591c2d9d8663714ae53
42	1	24	partial	aeb03f4da139b7c101e05f1d4d4b3a00d02d763a73254f64fdc8dd4551e9ef98	a7f47745409f9529a1806439f582e38fba2f9267d83ac382942cfb23ddf0db64
42	2	14	partial	46f2d8d38435eebce6464d3a90a7155aee93db8cf5828314a23f9dbc0057ed1f	8af8548e547bdc92db3c467416eabbdba64ac73a7a9ebb692230436b10e57f4c
43	1	24	partial	2ee14ee68c74818ed1a84102ec62f2cf2cd3625ec4dba2c15435bd8f5185fc42	5ce70c50f876ddfbf1131789a6e385a80c518e96838f1e7510e1539f04a9287e
43	2	14	partial	5ad9f95c96b9591d3ef18920f29e2510fb8f11de82a6efa6b1609a30c335576d	ab053d4c295230b614e2529b0df23d9363c82dd414213a07b4202f0262ca23a3
44	1	24	partial	40864e6ed1d22a48ef86d84f291d25140ba0eb71b5b38cd723c4f2df086d73fd	a4a6e290af61f83711d9a8681cc00240b9aff4b071d01fd835ed2316e10b9f5f
44	2	14	partial	d11d342b2db2b860645b3f524cb7dd9404105169657ec03f043b7e373691d351	70bfeebde193f8491a29e67b892f20ee7f8ae13f9da714d778838f02f6bc3fae
45	1	24	partial	39fea89ec338123253bc6971649649fef91980bb87ad913cad3367e8de2f964e	bb37fa55d0fe8e4d62e402d94f8050982b84c2a47a156c7181c49ecb1287b5e9
45	2	14	partial	4682a1b6c75d67e96a9c17dc8ea720eb30df888df1426af19c7cd6ed8ec726d9	8bc874b5e5a7e14143587a2e0555a548118e16b68e7ce14d9fd762ce53b3b1ec
46	1	24	partial	b621ddebbe1a94b463d1d54f1b533eb4fe9da7bb33f4a4edc02f9ac3847edfea	74d666b8a7fae82995e75e71786f8c809f79d758b3fbeb35724efbfaa180d08d
46	2	14	partial	25b62526f357b88a34c756f1596fe1c2ae7ec00fa75e16391089c9b4c183bbfd	f766faa748d12d77fe30ef255f477f2a3521f1a27eb24aee6a4c373cbbf8284f
47	1	24	partial	c3727ac8ccd8adeeb8a66508a25bed3dd95cc0852b4f3d4c71f44ef4e0de2ffa	cbc92d78c30106c0bcc4f986d61675e122c38ccb48e4409d093d97406cf8ddd7
47	2	14	partial	48ab4f6464ce31b82dbcac3ceee2275c3640a4b1a0da78d5f8d4a1f23944cf21	55a830188a624aa5a4a2fbfc48c86699260c7369170566164a3a30110f7b8126
48	1	24	partial	ed13b8f0b9081eb71864bc32f5dcc5ef87b6d1dba723fdb0eacde59735fa2efd	3fd052a70f42754221f802420964da48b807378cfc8c4b961947c828852240fb
48	2	14	partial	f9757a3aba68a4c9161b48cc58ab8fc06684b7edf3e52d1aa9fe445fc097a947	ca4cd5bcfbc07c740895f3099b9a571e5e9e643b4a2e2e3bfd9a571cd18fbb3b
49	1	24	partial	72190f16a231d5a1d56414c0497199e79d77d42b054d7518fa891ec45d9772d7	01f2c55c11de5e2b166e56c6842dfcf7863fcb0a6fa07376cfa3f25360a83407
49	2	14	partial	0da3ce892f5b437308d7938c46ef728a9c813b01997630a0018d54ca5cacd3c2	5b674b9a702e0dfc24693df8596fcb6e356dd33e2696dd1a1c9d88796f145a03
50	1	24	partial	308fe366bb1fe0edbe34a5b176f98c8ad346791691a4ae20579eed17016239a8	9fa4f93f992ec5f70562800662046d4cc8528605a68174af21992cbf14f205ae
50	2	14	partial	384bd31b3f248372880f20dddc6522125eb7050813698f467fa8b07114c6691b	bf77090e7cb0cd3ab5bfdf4edcfc9935051ed2ca882b1ebf851121acec6c8bdf
51	1	24	partial	dab7d86331b652dc3bbaf247d84f925bb282407ef21072a45257e4425398083a	8b58d0c3805ee36e1e1acf5ecc047a2565df61f04dbc147db0311a2f53d8c83e
51	2	14	partial	0d431e294a161783d207d505119f0765285762b2eff4c088ca0197689caae966	f766f3598b76b871a07452cc3bb2c0496a9aea45f35a34c908a3f78fbfbdb1bc
52	1	24	partial	12322cc938c5545f101c67a0d281643e04536184ab2cf81885cbf9500a1a8aa8	20e9cdbe720584e22a69a47e05875883063d2468c18b024c9e0c04bfe1dbf3da
52	2	14	partial	8fe332d5d81517c2e2c0e1017b5bfba14234f6c630579480cfcb0343bf446690	b9d8ee251134c0e6e6e1f9982bbef263c1c1fb42c24066daec34268407ec03f4
53	1	24	partial	a8aa7e8948755413efd905efb123b870a024eec296918396432ae9e353fff5a3	32277642b3be66372752f893fa49a0d9d5fc2199a8fb513a966b0e4ce8cdb5a9
53	2	14	partial	ee2fc2a4d6acc664e626b49e100a41d62057e57aa5ac1f7abcfa5614d192a49f	60f65bf5f3e72eaca1255700a283fcd384036108c4424ac42375a7cd681494f9
54	1	24	partial	1d9b47bf1c4754cb7f0c9d50a86e1246545bd656f7c88590bbefe947721019af	fc0aa0c2f85b97da021bb3a1589797a9c49adf1b92d9f3b757f5a3884bc83f65
54	2	14	partial	c5de16d17fdd591d666dfbccdc7f2a5756880dd20649dc7d24a34042c510381a	80de225e3a2122caa5af2e5585935ff1c7c2de32bddf72a90104462983180ad0
55	1	24	partial	34c1d79c3e5f71d0a9c458a0a7927c8c909b5790e03b255ecf82a1cafe711727	eecf7e91796d63383ee975999c1637e44640387d18e2fc02451ab61bfaef2ff7
55	2	14	partial	ae6440942477451a897042822eab185acc4d7b3cf61743caef0a77e323afc239	7bf01a90ff28969996ad4af9675a023355019eaaf6b00e2d769bf989fc9d99f4
56	1	24	partial	4e0a1546281d515378caffabfa86fdba4093cdcb682d3f85317bb98968a9591e	b08da559fae23b79812b0689441030f5deb857b012fa4ee9cad139cf1f13830b
56	2	14	partial	249011c57e36e05218aef6571c72a5c4223db536721eb0e1042152fd0fd3f6f4	ba4f0bb524f4992d3a0a085422b4ba5668ccf82536dd1efd918babbbf48191c2
57	1	24	partial	c7a2ed52518f9f8230d174a85edae3d8edaf80156a2bdcf7fcb49eaf3e5913da	048a5ecd77762a06ab994732b9cb77c34caf1bfe48d7b55908bc872869759158
57	2	14	partial	e7b294e1a2bd774956108144f000add17bb08b01f04bb4a1d84c7db3c73fdefd	eca758ccf972d70f5fca79d4db32c83b5c49d68f26d215c8bdbd90c9e146a9a6
58	1	24	partial	0a47403e91ab83dccf1a380458c792710f9135e79cd53357bb5f775f7694cab0	cc69293581f85fcc7819db270b9a40dea72258354d5b8b82db3c133decfc0e13
58	2	14	partial	d758bc34da93f813abc9a45955092454ea800e62b7296dae96d43b70fa74e654	310ee39476f7bc28f63f7f3f3878d464c9f1789afae0d3d9b9035fc292c13a71
59	1	24	partial	3103f21e16fcc374acd6b221dcad3f5f47f73882e6c20f1050d3a53aa3b3f256	4467cc6b1e91eaf33f2f948d9b321fdfd830739474216aac2cf333de8433f5ba
59	2	14	partial	1d3a60f0e5ca9fbc8ac36d4ec3898da1619abc766b9326fd09421299d83aca50	bd47b3e5c3c5b67a096e562b578de9fe86bdf9cea1e76316dd5ac6e0dc87cdd3
60	1	24	partial	85254498c184d44a8585800006d87a1def12c662a5762ce1004390b83d5b63d7	ea68d8513cfc229f40c4e7bcd3021929181af0a8728b2f5648cb084893c8cd41
60	2	14	partial	332eb4336918fd4a57f55087bf73ce7d50bb4e082017a38460d3cd609eeb780a	63ef38eb4fcc2b1b4160e844f7ee55cc3b2c888d3f2c9e953ee08249513be716
61	1	24	partial	31c9ae9a171f9fabace053ab51c7f9fb189c9f68f4620b729cebff2cd63752d6	b7f4eb465c2d50d1c53533c4a96adf82a8175792a4d7b6eb5ffbcfac4af4e812
61	2	14	partial	dc246066115f251cfe7859a0258aabd26d450c4c39ea3b0a2f77cbc73a1bc1de	7d4d91c49f0bd24472abeaba0475cf68f5c4c01f8834c62be28a53d3644b7e73
62	1	24	partial	640f9dc1ffe459cb3974f4e1eaf8a331c329d6b79869d5f09ab3437a0379b28f	f73028edc5bc3471cde6c7ae3c9aa14d6c6a47807eb769b7377a07170080f380
62	2	14	partial	f2f89591cedfe294454aea46b02020b1234a7c517df9d28f46e79636f57ff36a	6bbfeb681514e09f17a6680bb3a8b0da7a54a8ae923edf8f1393dc62d5441826
63	1	24	partial	07f7b70ae8a4ca92a6caf9ee0fb22c5a38e976602809e19ddc06a61fa1d132fa	a35968434b3f51540f67f839cf5df201cb64ede56d82ba49f1df5858ea3b54b1
63	2	14	partial	40b0ebe926029bef8aca03d59afba96ab200705860ab32fc748b746fb9813fbe	191079451e7e2a113c849793b6099dcef7c4e742a39f05b2d52c7a58e9d3efe9
64	1	24	partial	9e4cd9326d94359ec934e1d02558d5b20bd403170b0d734861027c9ff4dfc514	c511a6aa7e73ef88f7c0470cee975ad8152af96aee0f166a1be4e7a9db9c9dbe
64	2	14	partial	d7158592e90bc1b94d0d072360cd4136cb33576bf43f5fbd60004819b71e89d0	f48c213fb89dc40269b3898dcb925bbb20fde79ef4da736407cd44caf0b75aa6
65	1	24	partial	fa0b76b8691084e109bf9556cec701639cafea7d55043dec38909a46a4faf175	3a60a0075d1b1b12c3903cb36ef046a27869607b34522f24ed2d60f482910c6e
65	2	14	partial	553b91ab51b1246d8e2411422ec8efc104a7b1480ff4a4e5017079c3fe1ba413	cc9900230cdaccd5bb30d573f062049d6c96ca99c4ade37c7accecabd1afc2dc
66	1	24	partial	2e04606571cd0fe096b5f623d0ef844b94b61a0927a5410afbb3d56041d7d2b7	ee73efcee237a085a283bcc032ba0d88add48ba72d3be1c90a24f0180cb3fc8f
66	2	14	partial	d88cf1fec87958422c451cce06056462ec01689a969082f64a5a48accf76e65c	30185292597d25d54c3617806d640e971ba48eb6411f16c8d2194ec67eb0b360
67	1	24	partial	c769a66327b4cb532fa005c1deaacfcb5b8a40ed97b96bc7f3eb19914d029d07	dff1e7a91d8868f4387cb7626b3c4e99d7a87c4f0ead506f631d3ebac1bae106
67	2	14	partial	72955e84ad0da6acc6b6da6b2f22e39b24460d3d74c3d10ad884a0bc16bdbe96	391fe7061748d4a8706945a0f86086a885da274c400471f7dc9e504a9c04504c
68	1	24	partial	142e84d61d2b1bba054854eae934a7b21260f8cd9c391fdc519a2d81b45b827a	ba8ba59a2e5bf863ee7dec8e650666423e1d2e1f6b4e8a81ec78d9a3bfff8499
68	2	14	partial	7291cc40a47331fab1eeb14d1a8cea2cac033a7d81c70b221a8dcb53a4d4c215	07c6f76faae36b9d8524375fdc446de5f30dfac8660c631c4d3265c30b0a8d61
69	1	24	partial	3f95206ed188d81602abd040745ae49fc8c37501320479f5d0bef0aa122c7410	255696464a16eb9f6d234283fe383d65b6afb0d02f77d4d79d29512def4c9e3f
69	2	14	partial	5b3c27d01f451a23e3e6ff6686d7f0e95d3655f06f474cb021a4bc3f757bbb65	1eec29945f90a42e1264ee13b51c1c092205caa5b431fa09111e2ea6cb44e90b
69	3	14	partial	7c4dd71231dae8015f76871009a7d35d723d9a6447f8b13784827e3c46bbdc0f	39ec24aad5b23413b64774f2054c1d903c0efda1890c25cdfa1ab55b37675a01
70	1	24	partial	57a482514b2ddafa1cb35d8a22feaf27d34f4149f37bb4986ae257171a251189	c206577e00d6b57ddec4b1cf874273d01ae481966191cecb24b1c447fcc8c5fc
70	2	14	partial	3b52024f230cc7adf657318316a08bfea648de44818fe95b290fee1859d69f12	2a66ff9d302df59b980160be6e5198bb85d5c139bbb9b554d49c388e03a2996b
70	3	14	partial	9a995964f2c302add2f4685dc84475eb59478e2bf6fbf4db330d9f585dd8fd72	563bfb8cea67825ffd9dba87d17f3599b3da98ebbe14f2e31e920dc9218470c3
71	1	24	partial	c7bdee99a0101d0538971ce16f966cf561864a5359836f6c5f9fe1de9d794b3a	eb817df8bc006d0afc703d4daab334ddaea010d8a70ecba15d4019275f83b211
71	2	14	partial	7638e250c8c06d885b06c9f53a981e584b47dd1bd33ca4d1e9b785c7df48248a	12fde9c7433f4b75439e3812a90a1713441613ea969cf6dda07abbe7c48867d7
71	3	14	partial	deec283c5ec893295baea398944b7bd404e0e6c5b3e0d78cbf882ba8274678b0	06ba97e059becde78c55962b1a6a89a7de53289fb87095b63bbbcb6b79240903
72	1	24	partial	e96bc05bdac2da9fa3b2704329584256f824a8e88d221751f791781c34b9e17d	aaac5f28b02f1cfcd467cacb88034f1fbd90d77b6cf6c03ad96051e525bc6c7a
72	2	14	partial	019006ec26148db83aac351fbdaeaf2573d21979444c4ebd63390a88010b9d0c	4ef67de4b4e1136bce0e0e20f1589ffe976cb9483454da7cea3849080a5ba5b2
72	3	14	partial	a89cba2676e31c811c47d9edc38499e64ff024a84b996d542779ce4588ce04a7	74bc15e976aa2082d252e264f555f04542d6e59ebda4f38eb6e4f73a6a72fbe9
73	1	24	partial	c0947ecb4503ce082797bcb2eed50a0c90b5fde0ea8f21e7bceb27a002ad4856	f7cb8681e2b6d772b01c766fb5022728d40aabc0ca42ea21e56d07c1ee4af65a
73	2	14	partial	c76ce34e5b3ad3e16df3541efe62511729610f68bd6719cdb3b30e717a01727c	8f117afd1d7d1279536cc48be0486ebf2f27a214fe9975f65c5e2d483d0b5580
73	3	14	partial	2c721eba6327bc870b63b332352255de30bc979aa5093985d3af3af78cc0b741	bdccbc37c20c7e5b00235b9e17c47dba7ccded72c5b57bc9eff8825cca8d6ca2
74	1	24	partial	5bc38b44d53375096539c8d05a75a408626f060712d7d3a5c932038b193d0061	4245a2c47f318c830a57d4d4da07b7fad88d32a4c3706e259c56f95603462933
74	2	14	partial	1e49b3859c5b69ebe7fe9384346a0aff7e7900d07be8bc36509744b0e5f07565	1edf0d08258031062f27479c1753a123392c4d813eafa0cc50ed9698d950ee72
74	3	14	partial	84ab45d44f61d86858b74eab3b9b6077087f4e6d50ba818863374a10359b40f2	ae53ae301448117a2ad74d1824a74fd96de4bc27c12e1bb7105379962cffb166
75	1	24	partial	adc45201e0e6258f5e0bc8d9b9595fbfe321dfc6e334d8b45f5212cc14ac8472	e4b75a4d32ac018dcde62fdf503450664081ff4eff0b7928c8c976894c36b269
75	2	14	partial	f3a92829cbcee0f21d02f1a4b7323294a8baaa99bc55f701eed809bec428a3e0	df2518765186a8d9dc652bc037f31de28a996ed10a885ce95a2b8c342f657892
75	3	14	partial	a2615ac5997d7aab83c798d79cdced7d1b7263db651bee0a5433cef7f241b1a9	dbe768ca5e7712d151b3281aac04f983bb31253425ebd79af13e641de1233fab
76	1	24	partial	0d59a62f2a7024d902206eae23110c23cca9470d538ed989186489042a0980f2	f7be3166a60289cfab1560111fd3e030bfc1517b3be54ab90acd6850f05064a1
76	2	14	partial	47855b928705ec8465ff8c9269fa45ea1e1c0ae07ce925d8a54cd49af4abcc28	47bc9a383dc206f123b30705f90624dd37961e884540c72a5f99eb0e6b2a5577
76	3	14	partial	6df26ee6c1e7f9c70fbe14687c8c79f3d74184ed9bed65b7841aa0aefda24720	0ce5a369c9fcc77b80be476b94df599814e40ec3d749a9dde9e4e82c284c0ab8
77	1	24	partial	ddcf1753067a59abc43f279f2d8addca73b798399cce399d9585cd2eab5cb0d1	fd05823413b574c6ec820277744bb93af3630618715c17d8ffcc0b86ba432ab5
77	2	14	partial	fa6e21a034a8b4ecec519388ffee6eaccadc82635c14568eba86f9421f787721	40723ea616fa06375a2432e080e421688b07e3a4945776476bd18df0aff4b663
77	3	14	partial	d0008f241471c2eaa92b6acea34ddbac20ef38caf8aa289a2f2b29977c233157	31fae489013f051eda5c7d3f1b78f5b07e71c1317c43b7568f6889680587d710
78	1	24	partial	cc393a58e56566203f1c4b955abb5979eeebf174ae460646864eb3854d5114bb	f044160ad9ef2a9a2bcfc33471020c9f859e31c00b66e5c94e71beb99fed22a9
78	2	14	partial	cff71a4bbd650e67a6cf40df46f15da66a31e440c546b02496a0e49913ba9d15	3a9ebe66ab879e0ba1a6b1da4eb18058be76e84720ccfb347b072ead2dc07bc1
78	3	14	partial	1f2db26b7130c3b55e64813b49b4fef4d6aa157181607884f27286ac0ee7f63c	d8940f95bea2cb7edc0c268c82bedf432c75bd7f244a7f3395242c13b2d534a3
79	1	24	partial	9c9d535ecc3a354d904f9cb1ce4a8a860f759a97720d5b1a3a8dcd7a0cf1fe14	04e11d6cd078220d49bb69d1a21d00db3f781f513bd1b8fc764d6e405f9eb6a0
79	2	14	partial	c79d03080977f9391d713b7708e4fc0908e1ff823422dbb723fc8c136d5e1609	473c5a2d5ffb99d6576fa9d9e10d63de1608b94675dce53846d4b0e7cc8d8d26
79	3	14	partial	6c96cbcd6bffa7e3277b7c45ae06b49fc70ceb7552f9860fb53e19db3067ad1d	a99617ce43b977f3ae808bf481bab6d4c37d47bfd86e52660ff423edb95c5a65
80	1	24	partial	b46c557427a59f195e2cae51633c74fa39b78c992a63dc1bc43f0c2f0a166fbe	a7f1569ac374eabb495d7be35f3f0f28e696773f269818afd5e607983252ec06
80	2	14	partial	c732e0651021fad60e16b025b33945445b305c00e398c89bbce1a41c20688ada	2ca0e2057df3b772968c874bc4b3513dd3e4615fa9910325a38277ec43825ebf
80	3	14	partial	431883c9426c0bff5c636be1eacba8362b63bbec10067e88c775e51719612a65	0983f1273af0b4d1746bb2c9228946380ce647970ff5c4482b2bb5284dae270a
81	1	24	partial	678d2fa8549f0afee81ad72a69ef734bef0edd626bda599cee6c3d6b63be736b	c51eeb23973da2fa8985903bd851cd10e7acc20413e5065757d97eb4cd5251be
81	2	14	partial	163da7d2577d82fecd21c8cf923a97b9d76fa6ec88ea95d629661fd80c008c33	4a556071720cd3d833d81767ded462b38ee7f309b99b0dad5b933596f738d083
81	3	14	partial	97e13e57bc196777dc2a5f1f98f41aea33444f9d28d39d41a8600c061b0853c5	8038e2eb87042e79d369f8d0efb3823306f6db6b45bfc87d19a9d1d7e600aa4e
82	1	24	partial	d513cf303392b6880370cc475c70393bdfc8fe118effee7bf8d591d6c70f730a	1a2c3ef6030ed2258ca13409ecdd617be3e4bc9ca55bc10a10fdc2205e074e50
82	2	14	partial	ee0bfae798070682a1fa23be4564f64622e8d8fe58bd3990231a48dedc9c3f32	9255f0e4fd24410f1df87f4a0f55767919fba9b4bf08d8008d5ccda756d04b29
82	3	14	partial	db62547f79ab9418d2c2e3c6490e33385c272b1f925bec9840c59970b3912f33	9d49e880e81989cd11a64af88a50db50b47305bb59bb0004df6fa9b8cc077911
83	1	24	partial	96c2752fe2eb07d6cd40032402a600b4c5523fd052cb781c92994993d14b8ccf	936e73ac7f49e7d345eab49cb6cad932bf98285c0d12e1e91839ee7d250afcd2
83	2	14	partial	d70d5a041e5953c4d630382b2d19d6e3dfa5c8e418e5ec697637ca706fc0f59a	870a386651bfe776af9121b27634ca2bdd50cd5ed35a65b55d9dd5827bac9762
83	3	14	partial	9367573ab68b30841ef6c6829536e492f04008586059eb1eafdb55adce5ef9ab	7edda00e2a5f4ee0b5ff20874fc523479bf47ccf2767f54d44bdd7d0f7930e75
84	1	24	partial	ac9b5a6a7e6c8938b4ea577797d5e2811c118377f7321bb7fa3f832117a12376	47bd9ed7e71d4b15900ff5f73d860db83d34759e4f08c4bb3c202509ed21bd94
84	2	14	partial	ccd77339517cb6e1239514c38ead898026127990dd47c4898f0a0409ab3d0073	0c2319a50b9c1c38caa33313b0b599b5e41364b437cb75cf8c4676d4d26fb2fc
84	3	14	partial	89e8da9880c9021603bbd5f226ad1d8f262455b466a09b1903e03297b14e3255	de44e17d1419accb0cb56702a0dfc5018eb37097f259b704a6e7a35e8406aa4b
85	1	24	partial	1635d42967dc6a2ab9c4390195a5a186dfb275dbca8ae2ec5feb96c714528229	6325ffc46e815803685a1b8a3e099d11d9eb47ed8c44a9dc73d9dd5d6342a361
85	2	14	partial	1ed6e9281a72d468fff7a576dabf411ed0cf4a6f8d51c67fe9584a4a4b3f5993	70710019cd47a62caa7bebeca5d04e4ed5fd4b6780a61f01f7dcc5a3cf065c35
85	3	14	partial	1cdbef86470c4a2546c6862ce494eece66183f5fa041e247f97f41a23a565cc8	a10c93dc8b3c9a1c7a75a621c2bc7b5badcda3fdee6c800f290c038be9dbb290
86	1	24	partial	9ca814733ca5a2512b145fbaca156694132985022cc9035fd6e0035cbb850763	bc622a1899e25133df04885ed598a12015b9bd4a0444a5f72ba8563fef5bacfb
86	2	14	partial	dbfe0054cb413e933b7465de4f7e1b15b3c887aa2ae8356051b0c3feffe33a84	6c9cb095aa819f4a4a6e241ee9a6620778d425ff8e8d15102bcc62cba4e4cec2
86	3	14	partial	4c2b64bea339001ba36a6f4f2326564955aae3461b832fb47ff0b4be0fb18137	63941cde5c5407d96593fb5866760be814883b6403b9a37bd2f2b8dd08adab3b
87	1	24	partial	8c9d2e995136612fce0a593ee206bd8095c729f90dc42951a095c82b33f7d36c	120ba13b093d6a7a35da3336c895d830577f507fa8039d7412890228ade9553d
87	2	14	partial	09756a8440b1c3c34618eb64e0631d9a8e275091bf2e51039a120a64e1d7850f	bd064af267237e1e8f0fd51a552a5f4558ff20db39a3d9d50f07a1f9055ad8d4
87	3	14	partial	35b2e75c47aeb46e7e96f1b26e26e3e368717ba777da5d46f0711afab2198e9d	b2bd5a54ba93cee90142251b0a789242f92fda2bd46c1df2b12ecba38490f58c
88	1	24	partial	4b11458449ea21c70569804baf3a8bfdf8e7a68879a34525bda348ede4c67620	86f9c844248874318cf8b28ec111085ea5731046e85465e084b7ad6edd9fbeff
88	2	14	partial	27e93ab806a541f887e0f522222487373f90ad23027b22f943d0aa7e1a3373ee	84aeef48e4e0aadb7070f129eed495d60e96c2b75eab27a2e1e14a74275408ea
88	3	14	partial	11b77b1f5292f83c89ab88dca7a5516e0a8cf596ed348139ad08fb949fe2105a	0ee8cc9077f4bb1c04fe0d3cac5af5910b3979d18cf212f737207b8e06fe9261
89	1	24	partial	e88649afe4962d18fb428bbce0104f7cfacfad73f272c2c3fd797d34e0c597f8	f7aad70beaeb3f5ada25cd7ed93ec9fe4c763f9915ee5d3758aae83f372cba40
89	2	14	partial	3ff6215e87e81029e9b202bcf0b82878fa98fd026115cb5f240478cc5b6c7c72	b4af2b0a0909417ac65be664a3843f7787be965132de99f41674199c940d7d35
89	3	14	partial	c27c2518ed59889d7b6db47416fdc3ffedd7ca55f06e722530a5bf1d69224cbc	66bd0f02770de6a593b4f6e5501a65d0ce7fa043956db03be18325f199a2c4cd
90	1	24	partial	60e6e0d40f37b0431c9abb22ad8e0762c1e36c5006371a6e2ffb2b2a7124a6eb	edda4bbc61a9de94000867616eba25c8e97ec29d941599e175b888a67f580898
90	2	14	partial	b4891fd88d260347968158fb8a41362c87d4a87a6085327af96a022a2dbbf1c1	419e432914ad880b4e79f0cb3580d4cc4f0386c9b852b8b75653b015cf9b0c04
90	3	14	partial	0694dc90df0ccef97f481656b1de8e0cd5702df8e85ec52e98ba00ec91b97b40	e1f08a576300128ebfe95599b37af0ffc60938db5e49d03536a9260fe3879d30
91	1	24	partial	0baed2abd84317dae7541690fdac91b31f63fd32fde7c2be28b253813250f588	9a89db841064003a898ea494f241872a6f94e9299800ba765b958b48a6cf0ff8
91	2	14	partial	1ef4d52cc5eb8284a183e7dc8f174193c475440fec1bdfe0ad50769d981d2487	effa619d946b4c7b3403f2a8aaad2901a73c0e6d1710b20e4b0950f0edec9a56
91	3	14	partial	f4dfd75df2f98ac7d467cbbdb1662ec88233708ce622d926cd91a536d7e04f6c	14baf6be0b57a2e1563da63f80b87e3c973b9046c09931c11f75c2b18a9f5256
92	1	24	partial	788b17e2d98e9d91483858b8d0ad1605aedc90a3c264fe4d87b724ef84914e8d	0839d210f2ed4c64ab9a94848003e3c8073f53ee566d996714d66762fbf5dc2f
92	2	14	partial	43bd3ef9774b4a587aee9129d280914601aaa31e901a6a91e1db1ce19054a2e5	654cc8791573a8929e91f70c54d53044a226a60256a633d4f2429a8be6f70f90
92	3	14	partial	69044f1433461384e4416c7bc89d4b71ecdcc37921f9a0bf241841d75bc4cce6	aaa67ea41c88372271b0fe7408d72070650ac850cb5058230b523b19fe612ef9
93	1	24	partial	5d069bcbc796bf731d977a3b4768f4a8bcbb2df4fb036e0bbdccd99dcdb7e129	ee8fe9a8e563cb8d00f154a9d49615107ea2de94ad01006cab19402d86056fb3
93	2	14	partial	93b6083bea06b12d043a2bdb71127548c86f1d6a07f1bc7d8511352328f54bc9	7c0f29799d8af3e56e21068a064bc661beee66b45aa49c7585158d902c75bd2e
93	3	14	partial	bb29bbff5befbcc123767e40bfaefbf864419fd9094f82a71691be8c076c4370	eecd3ea7fcf7cdf8ec302d22d6079c3cd481c5921808307636055b6ded78f3fe
94	1	24	partial	f8a9954105d008d33f50f5572645e32bfe8c3ff23aa3dfd2d5a7e1ea0c3ad37c	23e9eeaab7bfbdf61d93e8ded96b07aab93572e64c6bb6d981ae026b4d00fb01
94	2	14	partial	f98edaffdf79e334bf67c48ca0835dad59965ef73bef165ff38520d3101eb905	58ffb65e33f8203fb1115dcb631e8fca0d590cae49ef7274cd934ccd22081c92
94	3	14	partial	6a331c5de59ba3feb4580142ac4216735667ec1274bfd12380f842bfab7669e6	d65e8cc2a2258c442a8c87b45a4a7a6fe601fdbc8ea4fb687624118447d19c5f
95	1	24	partial	dec0ea0b0963b65f4b765498b18ecb67167115bb5110ecce5207c7f882ee4c1b	32495734278e2865bc3ad4a7e42ab9f4fbeaa6542a897ed06adedea164f88f7b
95	2	14	partial	f774eda9421eda052e758c8ff7088a65f7ce0e15efbb71b69723576fd82cce43	ee05eed400afbef0217f3b5c8b8a65f212354a830af9c1e7d1ff25946a215144
95	3	14	partial	a6a5dbdc92da42ad99ba251e1848622501066c14977506c2cbbbbdd21da8433c	f9de5bfb2e0d8daa9bec8b771e83822c3e1c19dfe031f7440175a27eb8b17fd2
96	1	24	partial	64da707fc425905a13a8759dddfe66016de15d4ecb8030c939bcf8bf2120565a	cb8d6256f3407baec2bbb598e90db27380ffba911380dc1f08ca0edeb75e2aec
96	2	14	partial	669d83368d9830b2261f20fe71b43ace17efc8015aeec24ae0b2afbcdfc7ab9f	073fc3e360ec23977f846cefc6439fca2e9dc01c5a9bb05c62ec934575606c66
96	3	14	partial	8591edd7861d15aca4178a92cb7cc1fc1abefce0d353c125ffc307110de011e0	5b36a6783b0fe7531dc38e8c66927d2e66f4e14ec3d5f2316e72bf9355034174
97	1	24	partial	09948eb4a680931feaeeb13e80cd863ce2e4ea691c7dd897669c6a8f233f25a4	97e162551e040ed0f5645f18efc31e1731fae238490d20621a8c2e135951a80b
97	2	14	partial	87e531aebe333aaa10983015e9601227c067370e2a9d7ddc966c41bcf86952d8	cb54b9b5211b1a5709f28042f840a2230e0c8d0be5faf967718a6841a61e9037
97	3	14	partial	242ddf8b806467fd074ba75c5c762e152183461d70edcbb27c82c0d0a3aa7e42	125a577231dd4b5580527b7bc53427893c0559ba70e1ec458cc3cdb139ba6558
98	1	0	not_started	96074eeaaff4d73ef4ee00521832fc602aca95afab6562a339c9ff75e25be18f	c04130bf0e544c2abc4c85bd786116f7ccdd7b67f1a90b5dc49fe340a68b6d4f
98	2	0	not_started	3e0d7b217b94f76b419d72722db563dda4cab6364b0a5726a090200e95ef882a	4903c25b9c88511d228befd25a053f34d8eb773a21d60d8ccc36077d41a8ae27
98	3	0	not_started	31533d469982aa66ff69bd982241364040e54a3bb555f297675f4a7c52e03e69	013efdb6fec623847b9133185137ef3c692e7629086b28fe65cbeab4386d375b
99	1	24	partial	8c9c4ef19fad7b7123b151b4e9435c888898984c746d7044c4892a74b59ccb9e	0c67062f0237e5240e6f1dc0eb7fe6c07857ebca9d7b23e859a9cbf9e45bcb3c
99	2	14	partial	fd221117ec4eeec126dce6589c483525d9f5f37950fb95c76d5ff273872c667b	052210a0e958785a4db895bb91d1f6abfcada69fa42e56a9170d2f2e5ebec440
99	3	14	partial	80c4307338ce128d1c6c04f96d96b541d3005dd41fb66a520d56bfd36a699c1a	a8c966104cee33c83490e00ccf3ba7e7f95b8ce4fb8cf28ed6bb8c2849205a03
100	1	24	partial	8e9d3d50acf85a530cab785697038822ce9857fb8d16e81078444a117ee24ca1	3f1c3643ebeef5b187caeb5397de51d7ccfd1a2b8a0d35aa5df59735fc18d709
100	2	14	partial	06a9ecb477e6246f3be8ce11e834cc2263ef849fec44f615ab5bc7067de608e2	5bff69f1acb2cc8b2b463baf134a5c7b0717d1fe254949005864ad798a1ef08c
100	3	14	partial	f2c994a5cac6ed1378fbb8455703ae5341f82f0285305165c946e0c94ad39afd	33c2f9d7860400ef32333999126cf865f07c670392f33551768de04f82e36f55
101	1	16	partial	713180e1dd9679c97c77f784cf127a02fb4aafec62b80cfebde703ae1094fa6f	7cd706d5abb617bf6ce90d14558f0e23137fdd1a9a651f54f2a110536621e677
101	2	14	partial	de1b4d957e07fc042e8104d4c0e36bda254ec2bb87dba76e2d87c7fe256e1e19	14e977d0b27c577ef0c9094c324236e1153868407918c863e1c8b9eb63bddec1
101	3	14	partial	9473452c9e296d3b0a9627fdb6a18492d9de58ba14730207a49faedb22396cdd	ebfe4bde4b339e09fb5572ec5bd6a62e82bd3cbbfad20ba90a53b4f7490e7e2c
102	1	28	partial	05c02b4f6b6873cb9603943095d179690208bbc5fba415091ae7609d6669fac6	2976e6b0f1cef46c29d041b9a45ea4afdefdfe0ba01677130103a1b2ae4bf232
102	2	14	partial	49f97f53a8492d636836fe79b64a49f3dc58260bbaa77e2623888fa6a6257528	e6b6a0c8bb2bc74cf0c3bc04982fbb36a89a82c55dd6e46da71ead6985f6e8b3
102	3	14	partial	08e96fbf4d5b2887a451dd32e80a5e89b9ca6272d8023597c4bdb8331ad324ab	e935d5654a8bace60268578a261667898c50a4a5bd9d5e5219b2ff5c0a9e53ea
103	1	24	partial	28f386fd0bb1b840d256847c38c6a9ba441475603bb55f90d6df84ca58e545a3	cc7727690641ab7bd8c0ed6029a643b0a972617f0784e3c0431ad50f32e476b5
103	2	14	partial	2f92d0a566cbd7c554c0092f06f1f1ec8cac1e18fe5ef634ca136f22fb492b6a	deaf771f54b3f4769c36122a6f405a50894f3bb7e5b346e3269715d6f6a6867b
103	3	14	partial	e09f3bcd61206e101f4268b7c0bdf9dd58f2d5de24c4e7f3c931eb33054d0c19	cd7b2965e31a2dda8a92d2c90f2052ce634b37e9639168dfb199bb03ce831627
104	1	24	partial	937011da9e5805ee0fdaacb25850f6e00238de3efc8030826dcbb266d54486c4	b8c3199c7b95ebc2b127ca0eed6cdaa14175ecba7063f955a85fcf4559c17da2
104	2	14	partial	5dcc0627b47988a9625c7f7f7b1dc8bbc8346d18403ef57018d0f4a078c02841	58fec1c908fb1e5e25cecd35a3dd07c55cf3d4e7f97c0fc5d7d0caee9c8f059b
104	3	14	partial	5405f4a36efd71cb6f65560a3c273451e2c9fff4570a8334ccb538ce40e3c2c9	dcdd624869869d99939157ca5d59e017129893afeb5cbfeed03d8d08b57cb7af
105	1	22	partial	c510b70117c21413012902842174970a83c31f531535209875c1bb0bb224a777	13335c1903cb03ddaa4c746c9400c2440ed0738db7819aa3882a6555ce46013b
105	2	22	partial	ceeb6d28a81a4bba446c7612d656837980d2107618bb0bb19b7771d882f664f8	21582525e3e8a0c87b362739d97b8e0b299c4e8f4fb78d1a07cc3def04998c77
